k_id,m_id,k_keyword
1,1,mexico
2,1,food
3,1,female full frontal nudity
4,1,marriage
5,1,love
6,2,spider man character
7,2,superhero
8,2,marvel cinematic universe
9,2,multiverse
10,2,green goblin character
11,3,mother son relationship
12,3,desert
13,3,mind control
14,3,empire
15,3,sandworm
16,4,meteorite
17,4,asteroid
18,4,meteor strike
19,4,meteor
20,4,american female politician
21,5,american imperialism
22,5,based on true story
23,5,muslim
24,5,prison
25,5,female lawyer
26,6,octopus
27,6,animal intelligence
28,6,underwater world
29,6,human animal friendship
30,6,depression
31,7,superhero
32,7,dc extended universe
33,7,extended version
34,7,justice league
35,7,badass
36,8,superhero
37,8,dragon
38,8,martial arts
39,8,hand to hand combat
40,8,scene during end credits
41,9,video game world
42,9,artificial intelligence
43,9,bank robbery
44,9,virtual reality
45,9,npc
46,10,marvel cinematic universe
47,10,superheroine
48,10,based on comic book
49,10,superhero
50,10,spy
51,11,superheroine
52,11,suicide squad
53,11,giant monster
54,11,superhero
55,11,based on comic
56,12,gay
57,12,superhero
58,12,gay superhero
59,12,homosexual
60,12,gay kiss
61,13,official james bond series
62,13,espionage
63,13,spy
64,13,mi6
65,13,poison
66,14,colombia
67,14,magic
68,14,magical house
69,14,candle
70,14,3d animation
71,15,sequel
72,15,second part
73,15,venom character
74,15,carnage character
75,15,based on comic book
76,16,fourth part
77,16,matrix
78,16,war against machines
79,16,self referential
80,16,simulation
81,17,one man army
82,17,fighting back
83,17,russian mafia
84,17,home invasion
85,17,nightclub
86,18,1920s
87,18,dog
88,18,sled dog
89,18,nome alaska
90,18,alaska
91,19,oxygen tank
92,19,deaf girl
93,19,trying to avoid making noise
94,19,boat
95,19,caught in a leg hold trap
96,20,female villain
97,20,murder
98,20,fashion
99,20,fashion designer
100,20,younger version of character
101,21,thief
102,21,heist
103,21,chase
104,21,rivalry
105,21,art
106,22,time travel
107,22,soldier
108,22,alien invasion
109,22,alien
110,22,three word title
111,23,single parent
112,23,teacher student relationship
113,23,ghost
114,23,earthquake
115,23,farmhouse
116,24,monster versus monster
117,24,kaiju
118,24,godzilla character
119,24,king kong character
120,24,monsterverse
121,25,gay character
122,25,long take
123,25,cook
124,25,kitchen
125,25,salad
126,26,friendship
127,26,coming of age
128,26,shapeshifter
129,26,ocean
130,26,friendship between boys
131,27,police
132,27,shootout
133,27,police officer
134,27,female security guard
135,27,female police officer killed
136,28,zombie
137,28,heist
138,28,apocalypse
139,28,zombie bride
140,28,zombie outbreak
141,29,based on video game
142,29,gore
143,29,mortal kombat
144,29,reboot
145,29,two word title
146,30,jungle
147,30,boat
148,30,amazon river
149,30,riverboat
150,30,gay brother
151,31,sign language
152,31,remake of french film
153,31,deaf parent
154,31,coming of age
155,31,coming of age drama
156,32,aging
157,32,rapid aging
158,32,based on comic book
159,32,death from rapid aging
160,32,accelerated aging
161,33,14th century
162,33,duel
163,33,battle
164,33,husband wife relationship
165,33,medieval times
166,34,repressed homosexuality
167,34,homosexuality
168,34,homoeroticism
169,34,animal cruelty
170,34,male nudity
171,35,neo noir
172,35,mentalist
173,35,male frontal nudity
174,35,male full frontal nudity
175,35,carnival
176,36,living in a van
177,36,nomad
178,36,van
179,36,road movie
180,36,on the road
181,37,fashion
182,37,based on true story
183,37,italy
184,37,fashion house
185,37,1990s
186,38,lie
187,38,china
188,38,cemetery
189,38,grandmother granddaughter relationship
190,38,doctor
191,39,1960s
192,39,fashion designer
193,39,soho london
194,39,seeing the past
195,39,female serial killer
196,40,1910s
197,40,third part
198,40,marvel comics
199,40,icon comics
200,40,closeted gay
201,41,gay kiss
202,41,based on tv series
203,41,class differences
204,41,family relationships
205,41,man dances with a man
206,42,dragon
207,42,warrior
208,42,cgi animation
209,42,female warrior
210,42,asia
211,43,shady
212,43,steroids
213,43,doping
214,43,scandal
215,43,cover up
216,44,time travel
217,44,superhero
218,44,super villain
219,44,cosmic
220,44,marvel cinematic universe
221,45,class differences
222,45,plot twist
223,45,fraud
224,45,social satire
225,45,house
226,46,hollywood california
227,46,place in title
228,46,violence
229,46,film within a film
230,46,actor as protagonist
231,47,mental illness
232,47,evil clown
233,47,stand up comedian
234,47,nihilism
235,47,clown
236,48,fast and furious franchise
237,48,car
238,48,gunfight
239,48,shootout
240,48,gun battle
241,49,superhero
242,49,ensemble cast
243,49,marvel cinematic universe
244,49,death of recurring character
245,49,supervillain
246,50,elder abuse
247,50,legal guardian
248,50,lawyer
249,50,judge
250,50,care home
251,51,time paradox
252,51,time reversal
253,51,car chase
254,51,espionage
255,51,bearded man
256,52,private detective
257,52,vomiting
258,52,murder investigation
259,52,suspected suicide
260,52,last will and testament
261,53,friendship
262,53,family relationships
263,53,wolf
264,53,folklore
265,53,irish folklore
266,54,year 1981
267,54,the conjuring universe
268,54,totem
269,54,demonic possession
270,54,satanism
271,55,journalist
272,55,painter
273,55,bicycle
274,55,magazine
275,55,police
276,56,multiple personality disorder
277,56,psychological thriller
278,56,kidnapping
279,56,split personality
280,56,teenage girl
281,57,painting
282,57,artist
283,57,death
284,57,doctor
285,57,suicide
286,58,based on true story
287,58,car racing
288,58,24 hours le mans race
289,58,ford motor company
290,58,ken miles character
291,59,afterlife
292,59,mexico
293,59,musician
294,59,death
295,59,day of the dead
296,60,anti war
297,60,superhero
298,60,female scientist
299,60,world war one
300,60,superheroine
301,61,aquaman character
302,61,based on comic book
303,61,ocean
304,61,king
305,61,showdown
306,62,anti hero
307,62,alien
308,62,superhero
309,62,based on comic book
310,62,symbiote
311,63,superhero
312,63,based on comic book
313,63,marvel cinematic universe
314,63,norse god
315,63,female villain
316,64,wisecrack humor
317,64,deception
318,64,betrayal
319,64,mother son relationship
320,64,sabotage
321,65,evil
322,65,actor reprises previous role
323,65,quicksand
324,65,return of dead character
325,65,shame
326,66,multiverse
327,66,teenage superhero
328,66,wisecrack humor
329,66,posthumous cameo
330,66,miles morales character
331,67,marvel cinematic universe
332,67,superhero
333,67,reboot
334,67,spider man character
335,67,mentor
336,68,marvel cinematic universe
337,68,vacation
338,68,spider man character
339,68,superhero
340,68,sequel
341,69,virtual reality
342,69,player
343,69,screenplay adapted by author
344,69,based on novel
345,69,dystopia
346,70,one man army
347,70,hitman
348,70,one against many
349,70,sequel
350,70,italy
351,71,x men
352,71,mutant
353,71,death of protagonist
354,71,superhero
355,71,north dakota
356,72,balloon
357,72,based on novel
358,72,clown
359,72,small town
360,72,traumatic childhood
361,73,demi god
362,73,sarcasm
363,73,alien creature
364,73,sister sister relationship
365,73,father son reunion
366,74,on the road
367,74,racism
368,74,fried chicken
369,74,jail
370,74,piano
371,75,hypnosis
372,75,racism
373,75,african american
374,75,neurosurgeon
375,75,abduction
376,76,world war two
377,76,1940s
378,76,soldier
379,76,evacuation
380,76,beach
381,77,anti hero
382,77,based on comic book
383,77,sequel
384,77,superhero
385,77,breaking the fourth wall
386,78,superhero
387,78,stan lee cameo
388,78,cat
389,78,marvel cinematic universe
390,78,nick fury character
391,79,rock music
392,79,live aid
393,79,rock band
394,79,1980s
395,79,singer
396,80,future noir
397,80,environmental damage
398,80,memory implant
399,80,detective
400,80,replicant
401,81,marvel cinematic universe
402,81,based on comic book
403,81,king
404,81,african king
405,81,usurper
406,82,getaway driver
407,82,hearing impairment
408,82,listening to music on headphones
409,82,robbery
410,82,chase
411,83,survival
412,83,sign language
413,83,deafness
414,83,silence
415,83,post apocalypse
416,84,marine life
417,84,ocean
418,84,sea
419,84,overfishing
420,84,environmentalism
421,85,magic
422,85,monster
423,85,violence
424,85,adult animation
425,85,witcher
426,86,tennis player
427,86,compton
428,86,serena williams character
429,86,venus williams character
430,86,father
431,87,remake
432,87,kidnapping
433,87,police officer
434,87,police
435,87,woman in jeopardy
436,88,family road trip
437,88,furby
438,88,father daughter relationship
439,88,cgi animation
440,88,computer animation
441,89,serial killer
442,89,los angeles california
443,89,murder
444,89,murder of a prostitute
445,89,female nudity
446,90,jazz
447,90,afterlife
448,90,meaning of life
449,90,purpose
450,90,cat
451,91,british
452,91,gangster
453,91,marijuana farm
454,91,drugs
455,91,voice over narration
456,92,singing
457,92,dancing
458,92,washington heights manhattan new york city
459,92,bodega
460,92,reference to frida kahlo
461,93,jewish
462,93,coming of age
463,93,age difference
464,93,year 1973
465,93,teenage boy
466,94,world war one
467,94,archive footage
468,94,restored film
469,94,film restoration
470,94,british soldier
471,95,billboard
472,95,small town
473,95,death of daughter
474,95,ambiguous ending
475,95,thrown through a window
476,96,nazi germany
477,96,world war two
478,96,mother son relationship
479,96,imaginary friend
480,96,jewish girl
481,97,religious cult
482,97,cult
483,97,summer festival
484,97,grief
485,97,burned alive
486,98,underwater scene
487,98,mute woman
488,98,interspecies romance
489,98,sign language
490,98,creature
491,99,nonlinear timeline
492,99,criminal as protagonist
493,99,killer as protagonist
494,99,gangster
495,99,labor union
496,100,spin off
497,100,prequel
498,100,millennium falcon
499,100,star wars
500,100,smuggler
501,101,pirate
502,101,sword fight
503,101,ghost
504,101,ocean
505,101,trident
506,102,superhero
507,102,dc extended universe
508,102,caped superhero
509,102,origin of hero
510,102,captain marvel a.k.a. shazam character
511,103,sequel
512,103,ethan hunt character
513,103,violence
514,103,gun
515,103,spy
516,104,giant monster
517,104,pointless self sacrifice
518,104,giant spider
519,104,monster movie
520,104,monster versus monster
521,105,one against many
522,105,criminal organization
523,105,spy
524,105,nanotechnology
525,105,world domination
526,106,justice league
527,106,superhero team
528,106,superhero
529,106,dc extended universe
530,106,comicbook movie
531,107,dinosaur
532,107,sequel
533,107,island
534,107,clone
535,107,volcanic eruption
536,108,trapped in a game
537,108,jungle
538,108,adventurer
539,108,video game world
540,108,action hero
541,109,sequel
542,109,kicked by a horse
543,109,wanted man
544,109,brutal violence
545,109,past coming back to haunt
546,110,decapitation
547,110,psychological horror
548,110,anaphylaxis
549,110,miniature art
550,110,cult
551,111,suicide
552,111,invisible creature
553,111,survival
554,111,dystopia
555,111,supermarket
556,112,beast
557,112,fairy tale
558,112,heroine
559,112,beast&apos s heart
560,112,remake of oscar winner
561,113,action heroine
562,113,truth serum
563,113,based on comic book
564,113,action hero
565,113,house arrest
566,114,scientist
567,114,expedition
568,114,biologist
569,114,lighthouse
570,114,mutation
571,115,alcoholism
572,115,tinnitus
573,115,rising star
574,115,singer songwriter
575,115,singer
576,116,based on tv series
577,116,secret
578,116,guilty
579,116,sheriff
580,116,reconnect
581,117,alaska
582,117,neo noir
583,117,on the run
584,117,escape
585,117,gun
586,118,hunger
587,118,prison
588,118,cannibalism
589,118,platform
590,118,reference to don quixote
591,119,medieval knight
592,119,sir gawain character
593,119,myth
594,119,middle ages
595,119,based on legend
596,120,sequel
597,120,hitman
598,120,bodyguard
599,120,italy
600,120,interpol agent
601,121,bare chested male
602,121,female rear nudity
603,121,friendship
604,121,ex convict
605,121,grandmother grandson relationship
606,122,woman in jeopardy
607,122,body horror
608,122,pregnant woman
609,122,giallo esque
610,122,abusive husband
611,123,jewelry
612,123,neo noir
613,123,money
614,123,murder
615,123,gambling
616,124,kidnapping
617,124,child kidnapping
618,124,f word
619,124,shot in the head
620,124,bangladesh
621,125,divorce
622,125,infidelity
623,125,troubled marriage
624,125,theatre company
625,125,father son relationship
626,126,glass
627,126,supernatural power
628,126,dissociative identity disorder
629,126,character name in title
630,126,violence
631,127,harley quinn character
632,127,police
633,127,hyena
634,127,spin off
635,127,chase
636,128,rape
637,128,investigation
638,128,neo noir
639,128,dead body in the snow
640,128,native american reservation
641,129,ape
642,129,planet of the apes
643,129,slave labour
644,129,battle
645,129,journey
646,130,dc extended universe
647,130,sequel
648,130,based on comic book
649,130,superhero
650,130,wonder woman character
651,131,doppelganger
652,131,evil twin
653,131,scissors
654,131,hall of mirrors
655,131,mask
656,132,sequel
657,132,toy
658,132,talking toy
659,132,buzz lightyear character
660,132,fourth part
661,133,remake of remake
662,133,remake
663,133,lion
664,133,warthog
665,133,meerkat
666,134,singing
667,134,circus
668,134,bearded lady
669,134,social outcast
670,134,social prejudice
671,135,malawi
672,135,famine
673,135,rain
674,135,windmill
675,135,irrigation
676,136,based on novel
677,136,hercule poirot character
678,136,train
679,136,private detective
680,136,detective
681,137,drunkenness
682,137,poverty
683,137,misery
684,137,picking cotton
685,137,church
686,138,teenage girl
687,138,mother daughter relationship
688,138,sacramento california
689,138,coming of age
690,138,loss of virginity
691,139,video game world
692,139,trapped in a game
693,139,jumanji
694,139,sequel
695,139,jungle
696,140,killer clown
697,140,based on the works of stephen king
698,140,clown
699,140,evil clown
700,140,evil
701,141,computer animation
702,141,superheroine
703,141,superhero
704,141,working mother
705,141,parenting
706,142,gay romance
707,142,male male kiss
708,142,gay teenager
709,142,father son relationship
710,142,american abroad
711,143,cyborg
712,143,female cyborg
713,143,based on manga
714,143,cyberpunk
715,143,dystopia
716,144,witch
717,144,wizard
718,144,magical creature
719,144,paris france
720,144,sequel
721,145,xenomorph
722,145,android
723,145,alien
724,145,stasis
725,145,alien technology
726,146,flying carpet
727,146,princess
728,146,magical carpet
729,146,monkey
730,146,arabian nights
731,147,oslo norway
732,147,infidelity
733,147,cancer
734,147,female photographer
735,147,voice over narration
736,148,slasher
737,148,halloween
738,148,michael myers character
739,148,murder spree
740,148,gay couple
741,149,witch
742,149,year 1994
743,149,ex girlfriend ex girlfriend relationship
744,149,lesbian character
745,149,murder
746,150,30th birthday
747,150,29 year old man
748,150,gay character
749,150,gay friend
750,150,gay man straight man friendship
751,151,lighthouse
752,151,drunkenness
753,151,minimal cast
754,151,hallucination
755,151,lighthouse keeper
756,152,robot
757,152,friendship
758,152,school
759,152,scooter
760,152,woods
761,153,aspiring writer
762,153,mother daughter relationship
763,153,poverty
764,153,concord massachusetts
765,153,based on novel
766,154,domestic abuse
767,154,psychological abuse
768,154,invisibility
769,154,invisibility suit
770,154,murder
771,155,jungle
772,155,based on video game
773,155,female protagonist
774,155,action heroine
775,155,chase
776,156,bodyguard
777,156,interpol
778,156,chase
779,156,hitman
780,156,singing in a car
781,157,female rivalry
782,157,maid
783,157,aristocracy
784,157,dragged by a horse
785,157,british aristocracy
786,158,submarine
787,158,car
788,158,fast and furious franchise
789,158,betrayal
790,158,bulletproof vest
791,159,diamond necklace
792,159,diamond heist
793,159,museum
794,159,heist
795,159,female protagonist
796,160,surrealism
797,160,uninvited guest
798,160,cannibalism
799,160,riot
800,160,unexpected guest
801,161,extraterrestrial life
802,161,space
803,161,international space station
804,161,astronaut
805,161,space station
806,162,folklore
807,162,excalibur
808,162,tyrant
809,162,knights of the round table
810,162,historical fiction
811,163,ice skating
812,163,violence
813,163,abusive mother
814,163,abuse
815,163,ice skater
816,164,board game
817,164,kidnapping
818,164,husband wife relationship
819,164,dog
820,164,smuggler
821,165,samoa
822,165,flamethrower
823,165,fast and furious franchise
824,165,spin off
825,165,shared universe
826,166,monster
827,166,terrorism
828,166,destruction
829,166,showdown
830,166,kidnapping
831,167,ku klux klan
832,167,white supremacy
833,167,racism
834,167,racist cop
835,167,black power
836,168,prequel
837,168,safe
838,168,zombie
839,168,apocalypse
840,168,heist
841,169,rescue
842,169,soccer
843,169,2010s
844,169,year 2018
845,169,life
846,170,korean american
847,170,husband wife relationship
848,170,korean immigrant
849,170,friendship
850,170,hope
851,171,dementia
852,171,alzheimer&apos s disease
853,171,memory loss
854,171,father daughter relationship
855,171,aging
856,172,runaway
857,172,breaking the fourth wall
858,172,detective
859,172,train
860,172,amateur detective
861,173,revenge
862,173,revenge from beyond the grave
863,173,teaching a lesson
864,173,30th birthday
865,173,rape
866,174,dysfunctional family
867,174,hide and seek
868,174,evil rich family
869,174,dark family secret
870,174,family tradition
871,175,race car driver
872,175,dog
873,175,car race
874,175,narration
875,175,dog&apos s eye view
876,176,remake
877,176,gang
878,176,based on stage musical
879,176,1950s
880,176,reference to shakespeare&apos s romeo and juliet
881,177,sequel
882,177,zombie
883,177,survival
884,177,fireworks
885,177,altered version of studio logo
886,178,supernatural power
887,178,hat
888,178,blackboard
889,178,mind control
890,178,ghost
891,179,snow adventure
892,179,mountain
893,179,record
894,179,pakistan
895,179,nepal
896,180,1990s
897,180,x men
898,180,year 1975
899,180,year 1992
900,180,mind control
901,181,human animal relationship
902,181,cabin in the woods
903,181,chef
904,181,cooking
905,181,fight club
906,182,beach
907,182,marriage proposal
908,182,humanoid alien
909,182,government agent
910,182,alien creature as pet
911,183,microchip
912,183,dystopia
913,183,revenge
914,183,violence
915,183,surgery
916,184,time travel
917,184,sequel
918,184,terminator
919,184,robot
920,184,mexico
921,185,archaeologist
922,185,princess
923,185,egypt
924,185,mummy
925,185,mummy character
926,186,prehistoric animal
927,186,megalodon
928,186,creature feature
929,186,giant shark
930,186,shark
931,187,greek tragedy
932,187,recovering alcoholic
933,187,death curse
934,187,mythology
935,187,obsession
936,188,repeated scene from a different perspective
937,188,snow
938,188,surprise ending
939,188,spain
940,188,barcelona spain
941,189,brussels belgium
942,189,woman fights a man
943,189,second part
944,189,gun
945,189,returning character killed off
946,190,koala
947,190,porcupine
948,190,gorilla
949,190,pig
950,190,elephant
951,191,female assassin
952,191,female spy
953,191,spy
954,191,femme fatale
955,191,seduction
956,192,based on video game
957,192,giant gorilla
958,192,giant wolf
959,192,destruction
960,192,genetic experiment
961,193,scene after end credits
962,193,reference to rick astley
963,193,disney princess
964,193,wifi
965,193,pancake
966,194,moon landing
967,194,astronaut
968,194,1960s
969,194,rocket
970,194,grief
971,195,speech
972,195,prime minister
973,195,politics
974,195,year 1940
975,195,world war two
976,196,materialism
977,196,rich man poor woman
978,196,asian american
979,196,singapore
980,196,nouveau riche
981,197,lawyer
982,197,female protagonist
983,197,father daughter relationship
984,197,skiing
985,197,trial
986,198,autumn
987,198,anthropomorphic snowman
988,198,female protagonist
989,198,disney animated sequel
990,198,magic
991,199,lifeguard
992,199,based on tv series
993,199,swimming
994,199,beach
995,199,california
996,200,nightclub
997,200,police
998,200,buddy cop
999,200,helicopter
1000,200,chase
